{
  "dataset": "adult",
  "model": "svm",
  "params": {
    "dataset": "adult",
    "model": "svm",
    "C": 10.0,
    "max_iter": 1000,
    "kernel": "rbf",
    "max_depth": 5,
    "min_samples_split": 2,
    "n_neighbors": 5,
    "weights": "uniform"
  },
  "metrics": {
    "accuracy_overall": 0.8581298940580377,
    "accuracy_privileged": 0.8213547646383468,
    "accuracy_unprivileged": 0.9323447636700649,
    "privileged_positive_rate": 0.22020665901262917,
    "unprivileged_positive_rate": 0.0968489341983318,
    "privileged_predicted_positive": 959,
    "unprivileged_predicted_positive": 209,
    "privileged_total": 4355,
    "unprivileged_total": 2158,
    "demographic_parity_difference": 0.12335772481429738,
    "demographic_parity_ratio": 0.43980928929482266,
    "equalized_odds_difference": 0.060166288737717344,
    "equal_opportunity_difference": -0.060166288737717344,
    "predictive_parity_difference": 0.04730805114977232
  }
}