{
  "dataset": "adult",
  "model": "knn",
  "params": {
    "dataset": "adult",
    "model": "knn",
    "C": 1.0,
    "max_iter": 1000,
    "kernel": "rbf",
    "max_depth": 5,
    "min_samples_split": 2,
    "n_neighbors": 7,
    "weights": "uniform"
  },
  "metrics": {
    "accuracy_overall": 0.8404729003531399,
    "accuracy_privileged": 0.7993111366245694,
    "accuracy_unprivileged": 0.9235403151065802,
    "privileged_positive_rate": 0.28312284730195175,
    "unprivileged_positive_rate": 0.09360518999073215,
    "privileged_predicted_positive": 1233,
    "unprivileged_predicted_positive": 202,
    "privileged_total": 4355,
    "unprivileged_total": 2158,
    "demographic_parity_difference": 0.1895176573112196,
    "demographic_parity_ratio": 0.3306168713784579,
    "equalized_odds_difference": 0.09740051060167414,
    "equal_opportunity_difference": 0.060166288737717344,
    "predictive_parity_difference": -0.015943565159435624
  }
}