{
  "dataset": "adult",
  "model": "lr",
  "params": {
    "dataset": "adult",
    "model": "lr",
    "C": 0.01,
    "max_iter": 1000,
    "kernel": "rbf",
    "max_depth": 5,
    "min_samples_split": 2,
    "n_neighbors": 5,
    "weights": "uniform"
  },
  "metrics": {
    "accuracy_overall": 0.8251189927836634,
    "accuracy_privileged": 0.7876004592422503,
    "accuracy_unprivileged": 0.9008341056533827,
    "privileged_positive_rate": 0.2052812858783008,
    "unprivileged_positive_rate": 0.029193697868396665,
    "privileged_predicted_positive": 894,
    "unprivileged_predicted_positive": 63,
    "privileged_total": 4355,
    "unprivileged_total": 2158,
    "demographic_parity_difference": 0.17608758800990415,
    "demographic_parity_ratio": 0.14221314789358777,
    "equalized_odds_difference": 0.29644746787603926,
    "equal_opportunity_difference": 0.29644746787603926,
    "predictive_parity_difference": -0.02343666773196973
  }
}