{
  "dataset": "adult",
  "model": "knn",
  "params": {
    "dataset": "adult",
    "model": "knn",
    "C": 1.0,
    "max_iter": 1000,
    "kernel": "rbf",
    "max_depth": 5,
    "min_samples_split": 2,
    "n_neighbors": 15,
    "weights": "uniform"
  },
  "metrics": {
    "accuracy_overall": 0.8450790726239829,
    "accuracy_privileged": 0.8064293915040184,
    "accuracy_unprivileged": 0.9230769230769231,
    "privileged_positive_rate": 0.27600459242250286,
    "unprivileged_positive_rate": 0.08480074142724744,
    "privileged_predicted_positive": 1202,
    "unprivileged_predicted_positive": 183,
    "privileged_total": 4355,
    "unprivileged_total": 2158,
    "demographic_parity_difference": 0.19120385099525541,
    "demographic_parity_ratio": 0.30724395084497724,
    "equalized_odds_difference": 0.10098261526832963,
    "equal_opportunity_difference": 0.10098261526832963,
    "predictive_parity_difference": -0.01617977323768216
  }
}