{
  "dataset": "adult",
  "model": "knn",
  "params": {
    "dataset": "adult",
    "model": "knn",
    "C": 1.0,
    "max_iter": 1000,
    "kernel": "rbf",
    "max_depth": 5,
    "min_samples_split": 2,
    "n_neighbors": 3,
    "weights": "uniform"
  },
  "metrics": {
    "accuracy_overall": 0.8320282511899278,
    "accuracy_privileged": 0.7910447761194029,
    "accuracy_unprivileged": 0.9147358665430955,
    "privileged_positive_rate": 0.286337543053961,
    "unprivileged_positive_rate": 0.09406858202038924,
    "privileged_predicted_positive": 1247,
    "unprivileged_predicted_positive": 203,
    "privileged_total": 4355,
    "unprivileged_total": 2158,
    "demographic_parity_difference": 0.19226896103357172,
    "demographic_parity_ratio": 0.32852339590921825,
    "equalized_odds_difference": 0.10041850165580041,
    "equal_opportunity_difference": 0.08858654572940283,
    "predictive_parity_difference": 0.015351128422499749
  }
}