{
  "dataset": "adult",
  "model": "knn",
  "params": {
    "dataset": "adult",
    "model": "knn",
    "C": 1.0,
    "max_iter": 1000,
    "kernel": "rbf",
    "max_depth": 5,
    "min_samples_split": 2,
    "n_neighbors": 25,
    "weights": "uniform"
  },
  "metrics": {
    "accuracy_overall": 0.8466144633809305,
    "accuracy_privileged": 0.8064293915040184,
    "accuracy_unprivileged": 0.927710843373494,
    "privileged_positive_rate": 0.2709529276693456,
    "unprivileged_positive_rate": 0.08109360518999073,
    "privileged_predicted_positive": 1180,
    "unprivileged_predicted_positive": 175,
    "privileged_total": 4355,
    "unprivileged_total": 2158,
    "demographic_parity_difference": 0.18985932247935486,
    "demographic_parity_ratio": 0.29929038186644885,
    "equalized_odds_difference": 0.09295757261453712,
    "equal_opportunity_difference": 0.08858654572940283,
    "predictive_parity_difference": -0.05089588377723975
  }
}