{
  "dataset": "adult",
  "model": "dt",
  "params": {
    "dataset": "adult",
    "model": "dt",
    "C": 1.0,
    "max_iter": 1000,
    "kernel": "rbf",
    "max_depth": 10,
    "min_samples_split": 2,
    "n_neighbors": 5,
    "weights": "uniform"
  },
  "metrics": {
    "accuracy_overall": 0.8556732688469215,
    "accuracy_privileged": 0.8218140068886337,
    "accuracy_unprivileged": 0.9240037071362373,
    "privileged_positive_rate": 0.22020665901262917,
    "unprivileged_positive_rate": 0.11723818350324375,
    "privileged_predicted_positive": 959,
    "unprivileged_predicted_positive": 253,
    "privileged_total": 4355,
    "unprivileged_total": 2158,
    "demographic_parity_difference": 0.10296847550938543,
    "demographic_parity_ratio": 0.5324007186200485,
    "equalized_odds_difference": 0.1124716553287981,
    "equal_opportunity_difference": -0.1124716553287981,
    "predictive_parity_difference": 0.1251138578971014
  }
}