{
  "dataset": "adult",
  "model": "dt",
  "params": {
    "dataset": "adult",
    "model": "dt",
    "C": 1.0,
    "max_iter": 1000,
    "kernel": "rbf",
    "max_depth": 7,
    "min_samples_split": 2,
    "n_neighbors": 5,
    "weights": "uniform"
  },
  "metrics": {
    "accuracy_overall": 0.8596652848149854,
    "accuracy_privileged": 0.8231917336394948,
    "accuracy_unprivileged": 0.933271547729379,
    "privileged_positive_rate": 0.21056257175660162,
    "unprivileged_positive_rate": 0.07089898053753475,
    "privileged_predicted_positive": 917,
    "unprivileged_predicted_positive": 153,
    "privileged_total": 4355,
    "unprivileged_total": 2158,
    "demographic_parity_difference": 0.13966359121906685,
    "demographic_parity_ratio": 0.33671217038273044,
    "equalized_odds_difference": 0.046435167242047534,
    "equal_opportunity_difference": 0.03718820861678007,
    "predictive_parity_difference": -0.02853864191987232
  }
}