{
  "dataset": "adult",
  "model": "svm",
  "params": {
    "dataset": "adult",
    "model": "svm",
    "C": 0.1,
    "max_iter": 1000,
    "kernel": "rbf",
    "max_depth": 5,
    "min_samples_split": 2,
    "n_neighbors": 5,
    "weights": "uniform"
  },
  "metrics": {
    "accuracy_overall": 0.8498387839705205,
    "accuracy_privileged": 0.8158438576349024,
    "accuracy_unprivileged": 0.9184430027803522,
    "privileged_positive_rate": 0.22388059701492538,
    "unprivileged_positive_rate": 0.03568118628359592,
    "privileged_predicted_positive": 975,
    "unprivileged_predicted_positive": 77,
    "privileged_total": 4355,
    "unprivileged_total": 2158,
    "demographic_parity_difference": 0.18819941073132945,
    "demographic_parity_ratio": 0.15937596540006177,
    "equalized_odds_difference": 0.26742252456538174,
    "equal_opportunity_difference": 0.26742252456538174,
    "predictive_parity_difference": -0.1808724608724609
  }
}