{
  "dataset": "adult",
  "model": "dt",
  "params": {
    "dataset": "adult",
    "model": "dt",
    "C": 1.0,
    "max_iter": 1000,
    "kernel": "rbf",
    "max_depth": 3,
    "min_samples_split": 2,
    "n_neighbors": 5,
    "weights": "uniform"
  },
  "metrics": {
    "accuracy_overall": 0.8421618301857823,
    "accuracy_privileged": 0.8071182548794489,
    "accuracy_unprivileged": 0.9128822984244671,
    "privileged_positive_rate": 0.21469575200918484,
    "unprivileged_positive_rate": 0.027340129749768304,
    "privileged_predicted_positive": 935,
    "unprivileged_predicted_positive": 59,
    "privileged_total": 4355,
    "unprivileged_total": 2158,
    "demographic_parity_difference": 0.18735562225941654,
    "demographic_parity_ratio": 0.12734359899491013,
    "equalized_odds_difference": 0.2991685563114134,
    "equal_opportunity_difference": 0.2991685563114134,
    "predictive_parity_difference": -0.22476207740415122
  }
}