{
  "dataset": "adult",
  "model": "svm",
  "params": {
    "dataset": "adult",
    "model": "svm",
    "C": 0.1,
    "max_iter": 1000,
    "kernel": "rbf",
    "max_depth": 5,
    "min_samples_split": 2,
    "n_neighbors": 5,
    "weights": "uniform"
  },
  "baseline": {
    "accuracy_overall": 0.8498387839705205,
    "accuracy_privileged": 0.8158438576349024,
    "accuracy_unprivileged": 0.9184430027803522,
    "privileged_positive_rate": 0.22388059701492538,
    "unprivileged_positive_rate": 0.03568118628359592,
    "privileged_predicted_positive": 975,
    "unprivileged_predicted_positive": 77,
    "privileged_total": 4355,
    "unprivileged_total": 2158,
    "demographic_parity_difference": 0.18819941073132945,
    "demographic_parity_ratio": 0.15937596540006177,
    "equalized_odds_difference": 0.26742252456538174,
    "equal_opportunity_difference": 0.26742252456538174,
    "predictive_parity_difference": -0.1808724608724609
  },
  "aif360": {
    "accuracy_overall": 0.8432366037156457,
    "accuracy_privileged": 0.808955223880597,
    "accuracy_unprivileged": 0.91241890639481,
    "privileged_positive_rate": 0.1706084959816303,
    "unprivileged_positive_rate": 0.14550509731232622,
    "privileged_predicted_positive": 743,
    "unprivileged_predicted_positive": 314,
    "privileged_total": 4355,
    "unprivileged_total": 2158,
    "demographic_parity_difference": 0.025103398669304083,
    "demographic_parity_ratio": 0.8528596215278341,
    "equalized_odds_difference": 0.2887377173091458,
    "equal_opportunity_difference": -0.2887377173091458,
    "predictive_parity_difference": 0.24124525293396548
  },
  "fairlearn": {
    "accuracy_overall": 0.8314140948871488,
    "accuracy_privileged": 0.8101033295063146,
    "accuracy_unprivileged": 0.8744207599629287,
    "privileged_positive_rate": 0.17037887485648678,
    "unprivileged_positive_rate": 0.19555143651529194,
    "privileged_predicted_positive": 742,
    "unprivileged_predicted_positive": 422,
    "privileged_total": 4355,
    "unprivileged_total": 2158,
    "demographic_parity_difference": -0.02517256165880516,
    "demographic_parity_ratio": 1.147744617283149,
    "equalized_odds_difference": 0.34028722600151173,
    "equal_opportunity_difference": -0.34028722600151173,
    "predictive_parity_difference": 0.36503749313371064
  }
}