{
  "dataset": "adult",
  "model": "svm",
  "params": {
    "dataset": "adult",
    "model": "svm",
    "C": 10.0,
    "max_iter": 1000,
    "kernel": "rbf",
    "max_depth": 5,
    "min_samples_split": 2,
    "n_neighbors": 5,
    "weights": "uniform"
  },
  "baseline": {
    "accuracy_overall": 0.8581298940580377,
    "accuracy_privileged": 0.8213547646383468,
    "accuracy_unprivileged": 0.9323447636700649,
    "privileged_positive_rate": 0.22020665901262917,
    "unprivileged_positive_rate": 0.0968489341983318,
    "privileged_predicted_positive": 959,
    "unprivileged_predicted_positive": 209,
    "privileged_total": 4355,
    "unprivileged_total": 2158,
    "demographic_parity_difference": 0.12335772481429738,
    "demographic_parity_ratio": 0.43980928929482266,
    "equalized_odds_difference": 0.060166288737717344,
    "equal_opportunity_difference": -0.060166288737717344,
    "predictive_parity_difference": 0.04730805114977232
  },
  "aif360": {
    "accuracy_overall": 0.8466144633809305,
    "accuracy_privileged": 0.8137772675086108,
    "accuracy_unprivileged": 0.9128822984244671,
    "privileged_positive_rate": 0.18048220436280138,
    "unprivileged_positive_rate": 0.1459684893419833,
    "privileged_predicted_positive": 786,
    "unprivileged_predicted_positive": 315,
    "privileged_total": 4355,
    "unprivileged_total": 2158,
    "demographic_parity_difference": 0.03451371502081807,
    "demographic_parity_ratio": 0.8087694288604801,
    "equalized_odds_difference": 0.26863189720332575,
    "equal_opportunity_difference": -0.26863189720332575,
    "predictive_parity_difference": 0.23522355507088333
  },
  "fairlearn": {
    "accuracy_overall": 0.8217411331183786,
    "accuracy_privileged": 0.8011481056257176,
    "accuracy_unprivileged": 0.8632993512511585,
    "privileged_positive_rate": 0.14580941446613088,
    "unprivileged_positive_rate": 0.20759962928637626,
    "privileged_predicted_positive": 635,
    "unprivileged_predicted_positive": 448,
    "privileged_total": 4355,
    "unprivileged_total": 2158,
    "demographic_parity_difference": -0.06179021482024538,
    "demographic_parity_ratio": 1.4237738354994782,
    "equalized_odds_difference": 0.39954648526077097,
    "equal_opportunity_difference": -0.39954648526077097,
    "predictive_parity_difference": 0.4156460911136108
  }
}