{
  "dataset": "compas",
  "model": "svm",
  "params": {
    "dataset": "compas",
    "model": "svm",
    "C": 10.0,
    "max_iter": 1000,
    "kernel": "rbf",
    "max_depth": 5,
    "min_samples_split": 2,
    "n_neighbors": 5,
    "weights": "uniform"
  },
  "baseline": {
    "accuracy_overall": 0.6429924242424242,
    "accuracy_privileged": 0.6573426573426573,
    "accuracy_unprivileged": 0.6331738437001595,
    "privileged_positive_rate": 0.20279720279720279,
    "unprivileged_positive_rate": 0.5055821371610846,
    "privileged_predicted_positive": 87,
    "unprivileged_predicted_positive": 317,
    "privileged_total": 429,
    "unprivileged_total": 627,
    "demographic_parity_difference": -0.30278493436388176,
    "demographic_parity_ratio": 2.493042952208107,
    "equalized_odds_difference": 0.3094981111710739,
    "equal_opportunity_difference": -0.3094981111710739,
    "predictive_parity_difference": -0.02081293737989054
  },
  "aif360": {
    "accuracy_overall": 0.6486742424242424,
    "accuracy_privileged": 0.6480186480186481,
    "accuracy_unprivileged": 0.6491228070175439,
    "privileged_positive_rate": 0.3146853146853147,
    "unprivileged_positive_rate": 0.39074960127591707,
    "privileged_predicted_positive": 135,
    "unprivileged_predicted_positive": 245,
    "privileged_total": 429,
    "unprivileged_total": 627,
    "demographic_parity_difference": -0.07606428659060238,
    "demographic_parity_ratio": 1.2417153996101364,
    "equalized_odds_difference": 0.08528512322360132,
    "equal_opportunity_difference": -0.08528512322360132,
    "predictive_parity_difference": -0.14799697656840505
  },
  "fairlearn": {
    "accuracy_overall": 0.6486742424242424,
    "accuracy_privileged": 0.6573426573426573,
    "accuracy_unprivileged": 0.6427432216905901,
    "privileged_positive_rate": 0.45454545454545453,
    "unprivileged_positive_rate": 0.44178628389154706,
    "privileged_predicted_positive": 195,
    "unprivileged_predicted_positive": 277,
    "privileged_total": 429,
    "unprivileged_total": 627,
    "demographic_parity_difference": 0.01275917065390747,
    "demographic_parity_ratio": 0.9719298245614035,
    "equalized_odds_difference": 0.060136715236553395,
    "equal_opportunity_difference": 0.060136715236553395,
    "predictive_parity_difference": -0.1269462186429695
  }
}