{
  "dataset": "german",
  "model": "lr",
  "params": {
    "dataset": "german",
    "model": "lr",
    "C": 0.1,
    "max_iter": 1000,
    "kernel": "rbf",
    "max_depth": 5,
    "min_samples_split": 2,
    "n_neighbors": 5,
    "weights": "uniform"
  },
  "baseline": {
    "accuracy_overall": 0.74,
    "accuracy_privileged": 0.7558139534883721,
    "accuracy_unprivileged": 0.6428571428571429,
    "privileged_positive_rate": 0.7558139534883721,
    "unprivileged_positive_rate": 0.5714285714285714,
    "privileged_predicted_positive": 130,
    "unprivileged_predicted_positive": 16,
    "privileged_total": 172,
    "unprivileged_total": 28,
    "demographic_parity_difference": 0.1843853820598007,
    "demographic_parity_ratio": 0.756043956043956,
    "equalized_odds_difference": 0.16733870967741937,
    "equal_opportunity_difference": 0.16733870967741937,
    "predictive_parity_difference": 0.12788461538461537
  },
  "aif360": {
    "accuracy_overall": 0.76,
    "accuracy_privileged": 0.7674418604651163,
    "accuracy_unprivileged": 0.7142857142857143,
    "privileged_positive_rate": 0.7441860465116279,
    "unprivileged_positive_rate": 0.7142857142857143,
    "privileged_predicted_positive": 128,
    "unprivileged_predicted_positive": 20,
    "privileged_total": 172,
    "unprivileged_total": 28,
    "demographic_parity_difference": 0.029900332225913595,
    "demographic_parity_ratio": 0.9598214285714286,
    "equalized_odds_difference": 0.041666666666666685,
    "equal_opportunity_difference": -0.020161290322580627,
    "predictive_parity_difference": 0.12812500000000004
  },
  "fairlearn": {
    "accuracy_overall": 0.765,
    "accuracy_privileged": 0.7616279069767442,
    "accuracy_unprivileged": 0.7857142857142857,
    "privileged_positive_rate": 0.7383720930232558,
    "unprivileged_positive_rate": 0.7142857142857143,
    "privileged_predicted_positive": 127,
    "unprivileged_predicted_positive": 20,
    "privileged_total": 172,
    "unprivileged_total": 28,
    "demographic_parity_difference": 0.02408637873754149,
    "demographic_parity_ratio": 0.9673790776152982,
    "equalized_odds_difference": 0.09072580645161288,
    "equal_opportunity_difference": -0.09072580645161288,
    "predictive_parity_difference": 0.07677165354330706
  }
}