{
  "dataset": "adult",
  "model": "svm",
  "params": {
    "dataset": "adult",
    "model": "svm",
    "C": 1.0,
    "max_iter": 1000,
    "kernel": "rbf",
    "max_depth": 5,
    "min_samples_split": 2,
    "n_neighbors": 5,
    "weights": "uniform"
  },
  "baseline": {
    "accuracy_overall": 0.8576692768309535,
    "accuracy_privileged": 0.8208955223880597,
    "accuracy_unprivileged": 0.9318813716404077,
    "privileged_positive_rate": 0.2261768082663605,
    "unprivileged_positive_rate": 0.0778498609823911,
    "privileged_predicted_positive": 985,
    "unprivileged_predicted_positive": 168,
    "privileged_total": 4355,
    "unprivileged_total": 2158,
    "demographic_parity_difference": 0.1483269472839694,
    "demographic_parity_ratio": 0.3441991315515871,
    "equalized_odds_difference": 0.05459331169735748,
    "equal_opportunity_difference": 0.034618291761148945,
    "predictive_parity_difference": -0.01603214890016913
  },
  "aif360": {
    "accuracy_overall": 0.8446184553968985,
    "accuracy_privileged": 0.8121699196326062,
    "accuracy_unprivileged": 0.9101019462465245,
    "privileged_positive_rate": 0.17795637198622274,
    "unprivileged_positive_rate": 0.15060240963855423,
    "privileged_predicted_positive": 775,
    "unprivileged_predicted_positive": 325,
    "privileged_total": 4355,
    "unprivileged_total": 2158,
    "demographic_parity_difference": 0.027353962347668515,
    "demographic_parity_ratio": 0.8462883793237466,
    "equalized_odds_difference": 0.28359788359788357,
    "equal_opportunity_difference": -0.28359788359788357,
    "predictive_parity_difference": 0.24734491315136475
  },
  "fairlearn": {
    "accuracy_overall": 0.8288039306003377,
    "accuracy_privileged": 0.8061997703788748,
    "accuracy_unprivileged": 0.8744207599629287,
    "privileged_positive_rate": 0.1545350172215844,
    "unprivileged_positive_rate": 0.19925857275254866,
    "privileged_predicted_positive": 673,
    "unprivileged_predicted_positive": 430,
    "privileged_total": 4355,
    "unprivileged_total": 2158,
    "demographic_parity_difference": -0.04472355553096427,
    "demographic_parity_ratio": 1.2894072575592115,
    "equalized_odds_difference": 0.3891156462585034,
    "equal_opportunity_difference": -0.3891156462585034,
    "predictive_parity_difference": 0.38610180033864333
  }
}