{
  "dataset": "adult",
  "model": "lr",
  "params": {
    "dataset": "adult",
    "model": "lr",
    "C": 0.1,
    "max_iter": 1000,
    "kernel": "rbf",
    "max_depth": 5,
    "min_samples_split": 2,
    "n_neighbors": 5,
    "weights": "uniform"
  },
  "baseline": {
    "accuracy_overall": 0.8271150007676954,
    "accuracy_privileged": 0.7882893226176808,
    "accuracy_unprivileged": 0.9054680259499537,
    "privileged_positive_rate": 0.21194029850746268,
    "unprivileged_positive_rate": 0.033827618164967564,
    "privileged_predicted_positive": 923,
    "unprivileged_predicted_positive": 73,
    "privileged_total": 4355,
    "unprivileged_total": 2158,
    "demographic_parity_difference": 0.1781126803424951,
    "demographic_parity_ratio": 0.15960918429949486,
    "equalized_odds_difference": 0.2677248677248677,
    "equal_opportunity_difference": 0.2677248677248677,
    "predictive_parity_difference": -0.06359548227192446
  },
  "aif360": {
    "accuracy_overall": 0.8140641793336404,
    "accuracy_privileged": 0.7742824339839265,
    "accuracy_unprivileged": 0.8943466172381835,
    "privileged_positive_rate": 0.1529276693455798,
    "unprivileged_positive_rate": 0.0968489341983318,
    "privileged_predicted_positive": 666,
    "unprivileged_predicted_positive": 209,
    "privileged_total": 4355,
    "unprivileged_total": 2158,
    "demographic_parity_difference": 0.05607873514724801,
    "demographic_parity_ratio": 0.6332989616122147,
    "equalized_odds_difference": 0.08102796674225243,
    "equal_opportunity_difference": -0.08102796674225243,
    "predictive_parity_difference": 0.2145853987959251
  },
  "fairlearn": {
    "accuracy_overall": 0.8048518347919545,
    "accuracy_privileged": 0.7742824339839265,
    "accuracy_unprivileged": 0.8665430954587581,
    "privileged_positive_rate": 0.12399540757749714,
    "unprivileged_positive_rate": 0.13206672845227063,
    "privileged_predicted_positive": 540,
    "unprivileged_predicted_positive": 285,
    "privileged_total": 4355,
    "unprivileged_total": 2158,
    "demographic_parity_difference": -0.008071320874773497,
    "demographic_parity_ratio": 1.0650937081659975,
    "equalized_odds_difference": 0.16130007558578985,
    "equal_opportunity_difference": -0.16130007558578985,
    "predictive_parity_difference": 0.39025341130604285
  }
}