{
  "dataset": "compas",
  "model": "svm",
  "params": {
    "dataset": "compas",
    "model": "svm",
    "C": 0.1,
    "max_iter": 1000,
    "kernel": "rbf",
    "max_depth": 5,
    "min_samples_split": 2,
    "n_neighbors": 5,
    "weights": "uniform"
  },
  "baseline": {
    "accuracy_overall": 0.6647727272727273,
    "accuracy_privileged": 0.6713286713286714,
    "accuracy_unprivileged": 0.6602870813397129,
    "privileged_positive_rate": 0.1888111888111888,
    "unprivileged_positive_rate": 0.49122807017543857,
    "privileged_predicted_positive": 81,
    "unprivileged_predicted_positive": 308,
    "privileged_total": 429,
    "unprivileged_total": 627,
    "demographic_parity_difference": -0.30241688136424977,
    "demographic_parity_ratio": 2.6016894087069526,
    "equalized_odds_difference": 0.32173052707321464,
    "equal_opportunity_difference": -0.32173052707321464,
    "predictive_parity_difference": -0.00605258938592268
  },
  "aif360": {
    "accuracy_overall": 0.6543560606060606,
    "accuracy_privileged": 0.6386946386946387,
    "accuracy_unprivileged": 0.6650717703349283,
    "privileged_positive_rate": 0.3333333333333333,
    "unprivileged_positive_rate": 0.37799043062200954,
    "privileged_predicted_positive": 143,
    "unprivileged_predicted_positive": 237,
    "privileged_total": 429,
    "unprivileged_total": 627,
    "demographic_parity_difference": -0.04465709728867623,
    "demographic_parity_ratio": 1.1339712918660287,
    "equalized_odds_difference": 0.07657852131678355,
    "equal_opportunity_difference": -0.07657852131678355,
    "predictive_parity_difference": -0.19438789059042227
  },
  "fairlearn": {
    "accuracy_overall": 0.6505681818181818,
    "accuracy_privileged": 0.6223776223776224,
    "accuracy_unprivileged": 0.6698564593301436,
    "privileged_positive_rate": 0.4382284382284382,
    "unprivileged_positive_rate": 0.44019138755980863,
    "privileged_predicted_positive": 188,
    "unprivileged_predicted_positive": 276,
    "privileged_total": 429,
    "unprivileged_total": 627,
    "demographic_parity_difference": -0.0019629493313704227,
    "demographic_parity_ratio": 1.0044792833146698,
    "equalized_odds_difference": 0.08749034749034751,
    "equal_opportunity_difference": -0.02903399892066927,
    "predictive_parity_difference": -0.19611470860314517
  }
}