{
  "dataset": "german",
  "model": "svm",
  "params": {
    "dataset": "german",
    "model": "svm",
    "C": 1.0,
    "max_iter": 1000,
    "kernel": "rbf",
    "max_depth": 5,
    "min_samples_split": 2,
    "n_neighbors": 5,
    "weights": "uniform"
  },
  "baseline": {
    "accuracy_overall": 0.745,
    "accuracy_privileged": 0.7616279069767442,
    "accuracy_unprivileged": 0.6428571428571429,
    "privileged_positive_rate": 0.8081395348837209,
    "unprivileged_positive_rate": 0.5714285714285714,
    "privileged_predicted_positive": 139,
    "unprivileged_predicted_positive": 16,
    "privileged_total": 172,
    "unprivileged_total": 28,
    "demographic_parity_difference": 0.23671096345514953,
    "demographic_parity_ratio": 0.7070914696813977,
    "equalized_odds_difference": 0.20766129032258063,
    "equal_opportunity_difference": 0.20766129032258063,
    "predictive_parity_difference": 0.11106115107913672
  },
  "aif360": {
    "accuracy_overall": 0.735,
    "accuracy_privileged": 0.75,
    "accuracy_unprivileged": 0.6428571428571429,
    "privileged_positive_rate": 0.7965116279069767,
    "unprivileged_positive_rate": 0.7142857142857143,
    "privileged_predicted_positive": 137,
    "unprivileged_predicted_positive": 20,
    "privileged_total": 172,
    "unprivileged_total": 28,
    "demographic_parity_difference": 0.08222591362126241,
    "demographic_parity_ratio": 0.8967674661105318,
    "equalized_odds_difference": 0.06653225806451613,
    "equal_opportunity_difference": 0.06653225806451613,
    "predictive_parity_difference": 0.14562043795620438
  },
  "fairlearn": {
    "accuracy_overall": 0.69,
    "accuracy_privileged": 0.7034883720930233,
    "accuracy_unprivileged": 0.6071428571428571,
    "privileged_positive_rate": 0.5988372093023255,
    "unprivileged_positive_rate": 0.6071428571428571,
    "privileged_predicted_positive": 103,
    "unprivileged_predicted_positive": 17,
    "privileged_total": 172,
    "unprivileged_total": 28,
    "demographic_parity_difference": -0.00830564784053156,
    "demographic_parity_ratio": 1.013869625520111,
    "equalized_odds_difference": 0.1875,
    "equal_opportunity_difference": 0.022177419354838745,
    "predictive_parity_difference": 0.2073101085094231
  }
}