{
  "dataset": "adult",
  "model": "lr",
  "params": {
    "dataset": "adult",
    "model": "lr",
    "C": 0.01,
    "max_iter": 1000,
    "kernel": "rbf",
    "max_depth": 5,
    "min_samples_split": 2,
    "n_neighbors": 5,
    "weights": "uniform"
  },
  "baseline": {
    "accuracy_overall": 0.8251189927836634,
    "accuracy_privileged": 0.7876004592422503,
    "accuracy_unprivileged": 0.9008341056533827,
    "privileged_positive_rate": 0.2052812858783008,
    "unprivileged_positive_rate": 0.029193697868396665,
    "privileged_predicted_positive": 894,
    "unprivileged_predicted_positive": 63,
    "privileged_total": 4355,
    "unprivileged_total": 2158,
    "demographic_parity_difference": 0.17608758800990415,
    "demographic_parity_ratio": 0.14221314789358777,
    "equalized_odds_difference": 0.29644746787603926,
    "equal_opportunity_difference": 0.29644746787603926,
    "predictive_parity_difference": -0.02343666773196973
  },
  "aif360": {
    "accuracy_overall": 0.8129894058037771,
    "accuracy_privileged": 0.7724454649827784,
    "accuracy_unprivileged": 0.8948100092678406,
    "privileged_positive_rate": 0.1446613088404133,
    "unprivileged_positive_rate": 0.09082483781278962,
    "privileged_predicted_positive": 630,
    "unprivileged_predicted_positive": 196,
    "privileged_total": 4355,
    "unprivileged_total": 2158,
    "demographic_parity_difference": 0.05383647102762369,
    "demographic_parity_ratio": 0.6278447121820616,
    "equalized_odds_difference": 0.07316704459561602,
    "equal_opportunity_difference": -0.07316704459561602,
    "predictive_parity_difference": 0.21757369614512467
  },
  "fairlearn": {
    "accuracy_overall": 0.8028558268079227,
    "accuracy_privileged": 0.7745120551090701,
    "accuracy_unprivileged": 0.8600556070435589,
    "privileged_positive_rate": 0.13432835820895522,
    "unprivileged_positive_rate": 0.13484708063021317,
    "privileged_predicted_positive": 585,
    "unprivileged_predicted_positive": 291,
    "privileged_total": 4355,
    "unprivileged_total": 2158,
    "demographic_parity_difference": -0.0005187224212579444,
    "demographic_parity_ratio": 1.0038616002471425,
    "equalized_odds_difference": 0.127588813303099,
    "equal_opportunity_difference": -0.127588813303099,
    "predictive_parity_difference": 0.3893911357828883
  }
}