{
  "dataset": "compas",
  "model": "lr",
  "params": {
    "dataset": "compas",
    "model": "lr",
    "C": 0.01,
    "max_iter": 1000,
    "kernel": "rbf",
    "max_depth": 5,
    "min_samples_split": 2,
    "n_neighbors": 5,
    "weights": "uniform"
  },
  "baseline": {
    "accuracy_overall": 0.6486742424242424,
    "accuracy_privileged": 0.6503496503496503,
    "accuracy_unprivileged": 0.6475279106858054,
    "privileged_positive_rate": 0.2191142191142191,
    "unprivileged_positive_rate": 0.507177033492823,
    "privileged_predicted_positive": 94,
    "unprivileged_predicted_positive": 318,
    "privileged_total": 429,
    "unprivileged_total": 627,
    "demographic_parity_difference": -0.2880628143786038,
    "demographic_parity_ratio": 2.3146696528555433,
    "equalized_odds_difference": 0.3130239251663968,
    "equal_opportunity_difference": -0.3130239251663968,
    "predictive_parity_difference": -0.06028368794326233
  },
  "aif360": {
    "accuracy_overall": 0.6477272727272727,
    "accuracy_privileged": 0.6130536130536131,
    "accuracy_unprivileged": 0.671451355661882,
    "privileged_positive_rate": 0.3822843822843823,
    "unprivileged_positive_rate": 0.3652312599681021,
    "privileged_predicted_positive": 164,
    "unprivileged_predicted_positive": 229,
    "privileged_total": 429,
    "unprivileged_total": 627,
    "demographic_parity_difference": 0.0170531223162802,
    "demographic_parity_ratio": 0.9553915275994865,
    "equalized_odds_difference": 0.12888030888030888,
    "equal_opportunity_difference": -0.04105054865983093,
    "predictive_parity_difference": -0.25199701778677175
  },
  "fairlearn": {
    "accuracy_overall": 0.634469696969697,
    "accuracy_privileged": 0.6153846153846154,
    "accuracy_unprivileged": 0.6475279106858054,
    "privileged_positive_rate": 0.5011655011655012,
    "unprivileged_positive_rate": 0.48165869218500795,
    "privileged_predicted_positive": 215,
    "unprivileged_predicted_positive": 302,
    "privileged_total": 429,
    "unprivileged_total": 627,
    "demographic_parity_difference": 0.01950680898049323,
    "demographic_parity_ratio": 0.9610771113831088,
    "equalized_odds_difference": 0.07873873873873877,
    "equal_opportunity_difference": 0.02320561252023745,
    "predictive_parity_difference": -0.16386878176497766
  }
}