{
  "dataset": "adult",
  "model": "dt",
  "params": {
    "dataset": "adult",
    "model": "dt",
    "C": 1.0,
    "max_iter": 1000,
    "kernel": "rbf",
    "max_depth": 10,
    "min_samples_split": 2,
    "n_neighbors": 5,
    "weights": "uniform"
  },
  "baseline": {
    "accuracy_overall": 0.8556732688469215,
    "accuracy_privileged": 0.8218140068886337,
    "accuracy_unprivileged": 0.9240037071362373,
    "privileged_positive_rate": 0.22020665901262917,
    "unprivileged_positive_rate": 0.11723818350324375,
    "privileged_predicted_positive": 959,
    "unprivileged_predicted_positive": 253,
    "privileged_total": 4355,
    "unprivileged_total": 2158,
    "demographic_parity_difference": 0.10296847550938543,
    "demographic_parity_ratio": 0.5324007186200485,
    "equalized_odds_difference": 0.1124716553287981,
    "equal_opportunity_difference": -0.1124716553287981,
    "predictive_parity_difference": 0.1251138578971014
  },
  "aif360": {
    "accuracy_overall": 0.8564409642253954,
    "accuracy_privileged": 0.8252583237657865,
    "accuracy_unprivileged": 0.9193697868396663,
    "privileged_positive_rate": 0.21171067738231916,
    "unprivileged_positive_rate": 0.12557924003707135,
    "privileged_predicted_positive": 922,
    "unprivileged_predicted_positive": 271,
    "privileged_total": 4355,
    "unprivileged_total": 2158,
    "demographic_parity_difference": 0.08613143734524781,
    "demographic_parity_ratio": 0.5931644147087265,
    "equalized_odds_difference": 0.13711262282690861,
    "equal_opportunity_difference": -0.13711262282690861,
    "predictive_parity_difference": 0.17377592431021927
  },
  "fairlearn": {
    "accuracy_overall": 0.8355596499309074,
    "accuracy_privileged": 0.8197474167623421,
    "accuracy_unprivileged": 0.8674698795180723,
    "privileged_positive_rate": 0.1979334098737084,
    "unprivileged_positive_rate": 0.20528266913809082,
    "privileged_predicted_positive": 862,
    "unprivileged_predicted_positive": 443,
    "privileged_total": 4355,
    "unprivileged_total": 2158,
    "demographic_parity_difference": -0.0073492592643824295,
    "demographic_parity_ratio": 1.037129958348475,
    "equalized_odds_difference": 0.291307634164777,
    "equal_opportunity_difference": -0.291307634164777,
    "predictive_parity_difference": 0.35834036023107585
  }
}