{
  "dataset": "adult",
  "model": "dt",
  "params": {
    "dataset": "adult",
    "model": "dt",
    "C": 1.0,
    "max_iter": 1000,
    "kernel": "rbf",
    "max_depth": 3,
    "min_samples_split": 2,
    "n_neighbors": 5,
    "weights": "uniform"
  },
  "baseline": {
    "accuracy_overall": 0.8421618301857823,
    "accuracy_privileged": 0.8071182548794489,
    "accuracy_unprivileged": 0.9128822984244671,
    "privileged_positive_rate": 0.21469575200918484,
    "unprivileged_positive_rate": 0.027340129749768304,
    "privileged_predicted_positive": 935,
    "unprivileged_predicted_positive": 59,
    "privileged_total": 4355,
    "unprivileged_total": 2158,
    "demographic_parity_difference": 0.18735562225941654,
    "demographic_parity_ratio": 0.12734359899491013,
    "equalized_odds_difference": 0.2991685563114134,
    "equal_opportunity_difference": 0.2991685563114134,
    "predictive_parity_difference": -0.22476207740415122
  },
  "aif360": {
    "accuracy_overall": 0.833256563795486,
    "accuracy_privileged": 0.801377726750861,
    "accuracy_unprivileged": 0.8975903614457831,
    "privileged_positive_rate": 0.22732491389207807,
    "unprivileged_positive_rate": 0.10194624652455977,
    "privileged_predicted_positive": 990,
    "unprivileged_predicted_positive": 220,
    "privileged_total": 4355,
    "unprivileged_total": 2158,
    "demographic_parity_difference": 0.1253786673675183,
    "demographic_parity_ratio": 0.4484605087014725,
    "equalized_odds_difference": 0.04928193499622069,
    "equal_opportunity_difference": 0.04928193499622069,
    "predictive_parity_difference": 0.1767676767676768
  },
  "fairlearn": {
    "accuracy_overall": 0.8229694457239367,
    "accuracy_privileged": 0.7892078071182549,
    "accuracy_unprivileged": 0.8911028730305839,
    "privileged_positive_rate": 0.15683122847301953,
    "unprivileged_positive_rate": 0.16774791473586653,
    "privileged_predicted_positive": 683,
    "unprivileged_predicted_positive": 362,
    "privileged_total": 4355,
    "unprivileged_total": 2158,
    "demographic_parity_difference": -0.010916686262847003,
    "demographic_parity_ratio": 1.069607860431477,
    "equalized_odds_difference": 0.3479969765684051,
    "equal_opportunity_difference": -0.3479969765684051,
    "predictive_parity_difference": 0.2826739360798557
  }
}