{
  "dataset": "compas",
  "model": "lr",
  "params": {
    "dataset": "compas",
    "model": "lr",
    "C": 1.0,
    "max_iter": 1000,
    "kernel": "rbf",
    "max_depth": 5,
    "min_samples_split": 2,
    "n_neighbors": 5,
    "weights": "uniform"
  },
  "baseline": {
    "accuracy_overall": 0.6496212121212122,
    "accuracy_privileged": 0.6526806526806527,
    "accuracy_unprivileged": 0.6475279106858054,
    "privileged_positive_rate": 0.2494172494172494,
    "unprivileged_positive_rate": 0.507177033492823,
    "privileged_predicted_positive": 107,
    "unprivileged_predicted_positive": 318,
    "privileged_total": 429,
    "unprivileged_total": 627,
    "demographic_parity_difference": -0.25775978407557354,
    "demographic_parity_ratio": 2.033448106246926,
    "equalized_odds_difference": 0.2718474545781615,
    "equal_opportunity_difference": -0.2718474545781615,
    "predictive_parity_difference": -0.06853582554517135
  },
  "aif360": {
    "accuracy_overall": 0.6505681818181818,
    "accuracy_privileged": 0.6223776223776224,
    "accuracy_unprivileged": 0.6698564593301436,
    "privileged_positive_rate": 0.4195804195804196,
    "unprivileged_positive_rate": 0.36363636363636365,
    "privileged_predicted_positive": 180,
    "unprivileged_predicted_positive": 228,
    "privileged_total": 429,
    "unprivileged_total": 627,
    "demographic_parity_difference": 0.05594405594405594,
    "demographic_parity_ratio": 0.8666666666666667,
    "equalized_odds_difference": 0.15204633204633206,
    "equal_opportunity_difference": 0.020831084727468974,
    "predictive_parity_difference": -0.2409356725146199
  },
  "fairlearn": {
    "accuracy_overall": 0.646780303030303,
    "accuracy_privileged": 0.627039627039627,
    "accuracy_unprivileged": 0.6602870813397129,
    "privileged_positive_rate": 0.4662004662004662,
    "unprivileged_positive_rate": 0.4688995215311005,
    "privileged_predicted_positive": 200,
    "unprivileged_predicted_positive": 294,
    "privileged_total": 429,
    "unprivileged_total": 627,
    "demographic_parity_difference": -0.0026990553306343035,
    "demographic_parity_ratio": 1.0057894736842106,
    "equalized_odds_difference": 0.0667953667953668,
    "equal_opportunity_difference": -0.006206152185644909,
    "predictive_parity_difference": -0.16887755102040813
  }
}