{
  "dataset": "compas",
  "model": "dt",
  "params": {
    "dataset": "compas",
    "model": "dt",
    "C": 1.0,
    "max_iter": 1000,
    "kernel": "rbf",
    "max_depth": 15,
    "min_samples_split": 2,
    "n_neighbors": 5,
    "weights": "uniform"
  },
  "baseline": {
    "accuracy_overall": 0.6117424242424242,
    "accuracy_privileged": 0.6130536130536131,
    "accuracy_unprivileged": 0.6108452950558214,
    "privileged_positive_rate": 0.3076923076923077,
    "unprivileged_positive_rate": 0.4704944178628389,
    "privileged_predicted_positive": 132,
    "unprivileged_predicted_positive": 295,
    "privileged_total": 429,
    "unprivileged_total": 627,
    "demographic_parity_difference": -0.1628021101705312,
    "demographic_parity_ratio": 1.5291068580542264,
    "equalized_odds_difference": 0.17798165137614674,
    "equal_opportunity_difference": -0.17798165137614674,
    "predictive_parity_difference": -0.12552645095017978
  },
  "aif360": {
    "accuracy_overall": 0.5890151515151515,
    "accuracy_privileged": 0.5827505827505828,
    "accuracy_unprivileged": 0.5933014354066986,
    "privileged_positive_rate": 0.4358974358974359,
    "unprivileged_positive_rate": 0.44657097288676234,
    "privileged_predicted_positive": 187,
    "unprivileged_predicted_positive": 280,
    "privileged_total": 429,
    "unprivileged_total": 627,
    "demographic_parity_difference": -0.010673536989326438,
    "demographic_parity_ratio": 1.0244863495637488,
    "equalized_odds_difference": 0.03171171171171172,
    "equal_opportunity_difference": -0.014696887929483649,
    "predictive_parity_difference": -0.1526355996944232
  },
  "fairlearn": {
    "accuracy_overall": 0.6022727272727273,
    "accuracy_privileged": 0.5804195804195804,
    "accuracy_unprivileged": 0.6172248803827751,
    "privileged_positive_rate": 0.43356643356643354,
    "unprivileged_positive_rate": 0.3939393939393939,
    "privileged_predicted_positive": 186,
    "unprivileged_predicted_positive": 247,
    "privileged_total": 429,
    "unprivileged_total": 627,
    "demographic_parity_difference": 0.03962703962703962,
    "demographic_parity_ratio": 0.9086021505376344,
    "equalized_odds_difference": 0.11171171171171174,
    "equal_opportunity_difference": 0.0069436949091563616,
    "predictive_parity_difference": -0.2029950807539942
  }
}