{
  "dataset": "compas",
  "model": "lr",
  "params": {
    "dataset": "compas",
    "model": "lr",
    "C": 100.0,
    "max_iter": 1000,
    "kernel": "rbf",
    "max_depth": 5,
    "min_samples_split": 2,
    "n_neighbors": 5,
    "weights": "uniform"
  },
  "baseline": {
    "accuracy_overall": 0.6496212121212122,
    "accuracy_privileged": 0.6526806526806527,
    "accuracy_unprivileged": 0.6475279106858054,
    "privileged_positive_rate": 0.2494172494172494,
    "unprivileged_positive_rate": 0.507177033492823,
    "privileged_predicted_positive": 107,
    "unprivileged_predicted_positive": 318,
    "privileged_total": 429,
    "unprivileged_total": 627,
    "demographic_parity_difference": -0.25775978407557354,
    "demographic_parity_ratio": 2.033448106246926,
    "equalized_odds_difference": 0.2718474545781615,
    "equal_opportunity_difference": -0.2718474545781615,
    "predictive_parity_difference": -0.06853582554517135
  },
  "aif360": {
    "accuracy_overall": 0.6515151515151515,
    "accuracy_privileged": 0.6247086247086248,
    "accuracy_unprivileged": 0.6698564593301436,
    "privileged_positive_rate": 0.4219114219114219,
    "unprivileged_positive_rate": 0.36363636363636365,
    "privileged_predicted_positive": 181,
    "unprivileged_predicted_positive": 228,
    "privileged_total": 429,
    "unprivileged_total": 627,
    "demographic_parity_difference": 0.058275058275058245,
    "demographic_parity_ratio": 0.861878453038674,
    "equalized_odds_difference": 0.15204633204633206,
    "equal_opportunity_difference": 0.026713437668645423,
    "predictive_parity_difference": -0.23829601628380348
  },
  "fairlearn": {
    "accuracy_overall": 0.6392045454545454,
    "accuracy_privileged": 0.6083916083916084,
    "accuracy_unprivileged": 0.6602870813397129,
    "privileged_positive_rate": 0.4988344988344988,
    "unprivileged_positive_rate": 0.4688995215311005,
    "privileged_predicted_positive": 214,
    "unprivileged_predicted_positive": 294,
    "privileged_total": 429,
    "unprivileged_total": 627,
    "demographic_parity_difference": 0.029934977303398336,
    "demographic_parity_ratio": 0.9399901623216921,
    "equalized_odds_difference": 0.10926640926640929,
    "equal_opportunity_difference": 0.01144090663788444,
    "predictive_parity_difference": -0.18920465382414653
  }
}